dist,n,rep,prim_time,kruskal_time,prim_cost,kruskal_cost
uniform,20,0,0.00010252999982185429,8.918999992602039e-05,0.8435884969046524,0.8435884969046524
uniform,20,1,8.78629998624092e-05,6.914499999766122e-05,0.79078838193147,0.79078838193147
uniform,20,2,8.667599968248396e-05,7.745599987174501e-05,1.0578264704354292,1.0578264704354292
uniform,20,3,9.764100013853749e-05,7.03319997228391e-05,1.1765382867660166,1.1765382867660164
uniform,20,4,8.534900007362012e-05,7.117099994502496e-05,0.9858124694164216,0.9858124694164216
uniform,20,5,8.632599974589539e-05,6.669999993391684e-05,0.8145793359471986,0.8145793359471986
uniform,20,6,8.492899996781489e-05,6.809700016674469e-05,1.4727164995302062,1.4727164995302062
uniform,20,7,8.51380000312929e-05,8.36029998936283e-05,1.1295986792229715,1.1295986792229713
uniform,20,8,9.352000006401795e-05,6.816700033596135e-05,1.0934146029122827,1.0934146029122824
uniform,20,9,8.583699991504545e-05,7.864300005167024e-05,1.1969675204651697,1.19696752046517
uniform,20,10,9.247199977835407e-05,7.193900000856956e-05,0.9448735374294872,0.9448735374294872
uniform,20,11,8.716399997865665e-05,6.690999998681946e-05,1.3054451120281647,1.3054451120281645
uniform,20,12,8.681500003149267e-05,6.89349999447586e-05,1.2773949367353357,1.2773949367353357
uniform,20,13,8.723399969312595e-05,6.684000027235015e-05,0.9684647486498943,0.9684647486498943
uniform,20,14,8.618600031695678e-05,6.879599959574989e-05,1.7159034025521205,1.715903402552121
uniform,20,15,8.695499991517863e-05,6.628099981753621e-05,1.1386392091311883,1.1386392091311883
uniform,20,16,9.736099991641822e-05,6.732900010320009e-05,1.1191034306103718,1.1191034306103718
uniform,20,17,8.695499991517863e-05,6.907399983901996e-05,0.9730696486424704,0.9730696486424704
uniform,20,18,8.527799991497886e-05,6.739899981766939e-05,1.3945492090450706,1.3945492090450702
uniform,20,19,9.49170002968458e-05,6.865600016681128e-05,1.0321580281206477,1.0321580281206475
uniform,20,20,8.821200026432052e-05,8.325299995703972e-05,0.9543033207543657,0.9543033207543657
uniform,20,21,8.835200014800648e-05,7.054200023048907e-05,1.309137808778789,1.3091378087787893
uniform,20,22,8.842099987305119e-05,7.019299982857774e-05,0.9586004009979645,0.9586004009979645
uniform,20,23,8.870000010574586e-05,7.501199979742523e-05,1.1635616125090773,1.1635616125090773
uniform,20,24,8.946899970396771e-05,6.823700005043065e-05,0.9525906888330319,0.9525906888330319
uniform,20,25,8.779300014793989e-05,6.928499988134718e-05,0.6969623158583373,0.6969623158583373
uniform,20,26,8.870100009517046e-05,7.02620000083698e-05,0.7798066416785654,0.7798066416785654
uniform,20,27,8.821200026432052e-05,6.998299977567513e-05,0.9467722231077124,0.9467722231077124
uniform,20,28,9.14940001166542e-05,7.116999995560036e-05,1.4677693051391634,1.467769305139163
uniform,20,29,0.00010008500021285727,7.145000017771963e-05,1.1089882026973528,1.1089882026973528
uniform,40,0,0.0003185549999216164,0.00029201400002420996,1.2192438141328008,1.219243814132801
uniform,40,1,0.00032477100012329174,0.000279162999959226,1.31587243597949,1.31587243597949
uniform,40,2,0.0003220469998268527,0.00028293500008658157,1.096719140855761,1.096719140855761
uniform,40,3,0.0003231649998269859,0.0002855190000445873,1.0991055846059872,1.099105584605987
uniform,40,4,0.00033217400005014497,0.00028293500008658157,1.2564657674021393,1.256465767402139
uniform,40,5,0.00032882100003917003,0.00028461100009735674,1.0394999908350768,1.0394999908350768
uniform,40,6,0.000325538999732089,0.0002892899997277709,1.3035664086973957,1.3035664086973957
uniform,40,7,0.00033007899992298917,0.00029760200004602666,0.924488391235213,0.924488391235213
uniform,40,8,0.0003299390000393032,0.0002957159999823489,0.9711165638558598,0.9711165638558598
uniform,40,9,0.00035089199991489295,0.00029669399964404874,1.1401619925238773,1.1401619925238777
uniform,40,10,0.0003318949998174503,0.0002971130002151767,1.0562227498590468,1.0562227498590468
uniform,40,11,0.00033301300027233083,0.0003044459999728133,1.1868747465025729,1.186874746502573
uniform,40,12,0.00033385000006092014,0.000291665000077046,0.9332268435029436,0.9332268435029436
uniform,40,13,0.00033622499995544786,0.0003217670000594808,1.3955956510413277,1.3955956510413277
uniform,40,14,0.00034628299999894807,0.000293900999622565,1.1719758072632784,1.1719758072632784
uniform,40,15,0.0003475399998933426,0.00029152500019336003,1.434114371449124,1.4341143714491245
uniform,40,16,0.00035242900003140676,0.0003099640002801607,0.946367329141127,0.946367329141127
uniform,40,17,0.00034530499988250085,0.000288661000013235,1.3292585695377146,1.3292585695377146
uniform,40,18,0.0003590639998947154,0.0002959949997602962,0.9880745910001426,0.9880745910001426
uniform,40,19,0.00034369800005151774,0.00030619299968748237,1.2511244555385168,1.2511244555385166
uniform,40,20,0.00034160299992436194,0.00033804100030465634,1.1308559064494497,1.1308559064494497
uniform,40,21,0.00034628299999894807,0.0003463519997239928,1.1068989491768153,1.106898949176815
uniform,40,22,0.00035431400010565994,0.00032651700030328357,1.0162513851066257,1.0162513851066257
uniform,40,23,0.0003438379999352037,0.0003098949996456213,0.8239348384598862,0.8239348384598862
uniform,40,24,0.00035110099997837096,0.0003203710002708249,1.300729925148584,1.300729925148584
uniform,40,25,0.00034286000027350383,0.0003081479999309522,0.7545530722589925,0.7545530722589925
uniform,40,26,0.0003408350003155647,0.00030745000003662426,1.1248933352195656,1.1248933352195656
uniform,40,27,0.00034684100000959006,0.0003054240000892605,1.0745329167018078,1.0745329167018078
uniform,40,28,0.00034767899978760397,0.0002996969997184351,1.5670677501748773,1.5670677501748767
uniform,40,29,0.0003578770001695375,0.0003080780002164829,1.0487801591113364,1.0487801591113364
uniform,60,0,0.0007729549997748109,0.0008909200000744022,0.999877012733053,0.999877012733053
uniform,60,1,0.00075695999976233,0.0007059750000735221,1.3312900478778809,1.3312900478778804
uniform,60,2,0.0007787519998601056,0.0007464139998774044,1.2468208949365014,1.2468208949365012
uniform,60,3,0.0007641539996257052,0.0007271380000020145,1.0987781595063162,1.0987781595063164
uniform,60,4,0.0007696019997638359,0.0007163820000641863,1.1776864182836377,1.1776864182836377
uniform,60,5,0.0007737219998489309,0.0010240409997095412,1.154182861837581,1.1541828618375805
uniform,60,6,0.0008439859998361499,0.0007885999998507032,1.1805925700071855,1.1805925700071853
uniform,60,7,0.0008086440002443851,0.0007177779998528422,1.5811647435915859,1.581164743591586
uniform,60,8,0.000883377000263863,0.0007501159998355433,1.2815565645125728,1.2815565645125733
uniform,60,9,0.0008143709997057158,0.0007276960000126564,1.5653052083935917,1.5653052083935917
uniform,60,10,0.000812135999694874,0.0006993399997554661,1.2207982060342313,1.2207982060342308
uniform,60,11,0.0008766020000621211,0.0007832920000510057,1.2838309618303536,1.2838309618303536
uniform,60,12,0.0008021489998100151,0.0007378939999398426,1.2513343729679116,1.2513343729679116
uniform,60,13,0.0008111590000225988,0.000710025999978825,1.2515931409892138,1.2515931409892138
uniform,60,14,0.0009449079998375964,0.0007674369999222108,1.1099580352272134,1.1099580352272138
uniform,60,15,0.0008164669998222962,0.0007522119999521237,0.9867001897829347,0.9867001897829347
uniform,60,16,0.0008059900001171627,0.0007292329996744229,1.3938935572093214,1.3938935572093207
uniform,60,17,0.0009822749998420477,0.0007647130000805191,1.1008305397455758,1.1008305397455758
uniform,60,18,0.0008379089999834832,0.0007608710002386943,0.8815878887076142,0.8815878887076142
uniform,60,19,0.0007872030000726227,0.0007385910002994933,0.83067282901549,0.83067282901549
uniform,60,20,0.0009510550003142271,0.0008332290003636444,0.9927968733369223,0.9927968733369223
uniform,60,21,0.0008124159999169933,0.0007141460000639199,1.0877209963996228,1.087720996399623
uniform,60,22,0.0008082250001280045,0.0007063240000206861,1.295239629724493,1.2952396297244928
uniform,60,23,0.0008085039999059518,0.0007445289998031512,1.4862552670860603,1.4862552670860607
uniform,60,24,0.0008081559999482124,0.0007497669998883794,1.3363168301855302,1.3363168301855297
uniform,60,25,0.0008008220002011512,0.0007300010001927149,1.2855607891507859,1.285560789150785
uniform,60,26,0.0007925810000415368,0.000771975999668939,1.1319160014496457,1.1319160014496454
uniform,60,27,0.0008683600003678293,0.0008405629996559583,1.3805260720453236,1.3805260720453236
uniform,60,28,0.0007892979997450311,0.0006978730002629163,1.1951547532305742,1.195154753230574
uniform,60,29,0.0008002629997463373,0.0006982919999245496,1.0785600010160628,1.0785600010160628
uniform,80,0,0.0014692909999212134,0.0015774779999446764,1.2589736753876595,1.2589736753876593
uniform,80,1,0.0014085980001254939,0.00158194799996636,1.602741683854921,1.6027416838549207
uniform,80,2,0.001454554000247299,0.0018921920000138925,1.4012484929341729,1.401248492934173
uniform,80,3,0.0014626570000473293,0.001780581999810238,1.0895675087731322,1.0895675087731322
uniform,80,4,0.0014232640000955143,0.001839319999817235,1.0531139014803297,1.0531139014803297
uniform,80,5,0.0015781069996592123,0.0015745450000395067,1.015297907040675,1.015297907040675
uniform,80,6,0.00137653899992074,0.0017358830000375747,1.2011434319593344,1.2011434319593342
uniform,80,7,0.0013593590001619305,0.0015970350000316103,1.0566233514307295,1.0566233514307295
uniform,80,8,0.0014821419999861973,0.001558621000185667,1.2998342955515647,1.2998342955515652
uniform,80,9,0.001404058000389341,0.001720306999686727,1.3215024286231207,1.3215024286231207
uniform,80,10,0.0012968480000381533,0.002115340999807813,0.9794318094097038,0.9794318094097038
uniform,80,11,0.00130243600005997,0.0017416099999536527,0.9325345885802928,0.9325345885802928
uniform,80,12,0.0012629750003725349,0.0016232959997068974,1.2258682108956322,1.2258682108956331
uniform,80,13,0.0012645110000448767,0.0014890560000822006,1.0898463052523173,1.0898463052523173
uniform,80,14,0.0015609950000907702,0.002505974000087008,1.1592449969096745,1.159244996909674
uniform,80,15,0.001395467000293138,0.0015788050000082876,1.1037705316822572,1.1037705316822575
uniform,80,16,0.0013996580000821268,0.0014498040000034962,1.3804624373583363,1.380462437358336
uniform,80,17,0.0013546790000873443,0.001459583000269049,1.3034709437047916,1.3034709437047913
uniform,80,18,0.001356914000098186,0.002349525000227004,1.2905996486019873,1.2905996486019873
uniform,80,19,0.001745939999636903,0.0020772760003637813,1.2447074000397742,1.2447074000397738
uniform,80,20,0.0018099859998983447,0.00215151899965349,1.0374884545325562,1.0374884545325562
uniform,80,21,0.0019043450001845486,0.0025235040002371534,1.0203977678261933,1.0203977678261933
uniform,80,22,0.0019119580001643044,0.0026538319998508086,1.1694863570589722,1.1694863570589722
uniform,80,23,0.0015172029998211656,0.0022064859999773034,1.5907643430837122,1.5907643430837122
uniform,80,24,0.0014521099997182318,0.0015679099997214507,1.09490614123799,1.0949061412379897
uniform,80,25,0.001454834000014671,0.0016320960003213258,1.0644437432482659,1.0644437432482659
uniform,80,26,0.0013978419997329183,0.0014984849999564176,1.1810012753963952,1.181001275396395
uniform,80,27,0.0016137970001182111,0.0024510770003871585,1.200348120308865,1.2003481203088648
uniform,80,28,0.0013580310001088947,0.0013384750000113854,1.1426567836506298,1.1426567836506298
uniform,80,29,0.0013567040000452835,0.0013465759998325666,1.2353926907670174,1.2353926907670172
uniform,100,0,0.0020830039998145367,0.002467629999955534,1.139028385151401,1.1390283851514007
uniform,100,1,0.002262220999909914,0.003134911000415741,1.0761945465375575,1.0761945465375575
uniform,100,2,0.0021636030000991013,0.002593697000065731,1.3703215827424742,1.3703215827424737
uniform,100,3,0.0025941860003513284,0.0031752810000398313,1.2589952136099138,1.2589952136099134
uniform,100,4,0.0021846949998689524,0.0025178470000355446,1.2167138083073716,1.2167138083073716
uniform,100,5,0.0023118089998206415,0.004101122000065516,1.241031354536201,1.241031354536201
uniform,100,6,0.002111569000135205,0.0022206640001058986,1.273361450489325,1.2733614504893254
uniform,100,7,0.00211876299999858,0.0037357730002440803,1.1290455446912833,1.1290455446912833
uniform,100,8,0.002068337000309839,0.002111360000071727,1.138125303620133,1.138125303620134
uniform,100,9,0.0019125859998894157,0.0020424949998414377,1.3676670220174167,1.3676670220174176
uniform,100,10,0.0018957540000883455,0.002017630999944231,1.2236368121063976,1.2236368121063972
uniform,100,11,0.00189652200015189,0.0020304810000197904,1.1671424694215413,1.1671424694215413
uniform,100,12,0.001912166999773035,0.002013857999827451,1.1445700677990587,1.1445700677990582
uniform,100,13,0.0019128650001221104,0.0020441700003175356,1.2616879879179335,1.2616879879179332
uniform,100,14,0.0018727749998106447,0.0021264449997033807,1.2267909012173877,1.2267909012173877
uniform,100,15,0.0019107699999949546,0.0020102260000385286,0.9480487211095253,0.9480487211095253
uniform,100,16,0.0018697720001910056,0.0020478729998103518,1.0714320410015166,1.0714320410015166
uniform,100,17,0.0019130749997202656,0.0020593270000972552,1.077319902272285,1.077319902272285
uniform,100,18,0.001936822000061511,0.002048850999926799,1.1683146968327485,1.168314696832749
uniform,100,19,0.0019266239996795775,0.0020207729999128787,1.352787417048257,1.352787417048257
uniform,100,20,0.0019156590001330187,0.0019978650002485665,1.1583612883188776,1.1583612883188779
uniform,100,21,0.0019046940001317125,0.0020178390000182844,1.2410885772129903,1.2410885772129903
uniform,100,22,0.001906997999867599,0.00254662300039854,0.9700783957744812,0.9700783957744812
uniform,100,23,0.0024355020000257355,0.0028391959999680694,1.4456492823704539,1.445649282370454
uniform,100,24,0.002051642999958858,0.003211809000276844,1.1184980511460303,1.1184980511460303
uniform,100,25,0.002585245999853214,0.0035029850000682927,1.0810193112662683,1.0810193112662683
uniform,100,26,0.0024473049998050556,0.0035490820000632084,1.054888181013383,1.0548881810133832
uniform,100,27,0.0025369139998474566,0.003205313999842474,1.1155292597967434,1.1155292597967432
uniform,100,28,0.0023456839999198564,0.004302200999973138,1.2067912951967599,1.20679129519676
uniform,100,29,0.002478734999840526,0.0036859739998362784,1.2850689183624482,1.2850689183624473
uniform,120,0,0.003407509999760805,0.00460490099976596,1.0722792983096978,1.0722792983096978
uniform,120,1,0.0029397000002973073,0.003687581000122009,1.2283615556093457,1.2283615556093448
uniform,120,2,0.0028112589998272597,0.004476528999930451,1.2843199971253472,1.2843199971253472
uniform,120,3,0.002795195000089734,0.003870989000006375,1.1447033026066507,1.1447033026066502
uniform,120,4,0.0029731549998359696,0.0062545280002268555,1.4302626800631444,1.430262680063144
uniform,120,5,0.0027234650001446425,0.0036542650000228605,1.2035393575001514,1.20353935750015
uniform,120,6,0.0038207719999263645,0.006205707000390248,0.9453654740147795,0.9453654740147795
uniform,120,7,0.0027549649998945824,0.004318124999826978,1.111136682325871,1.1111366823258713
uniform,120,8,0.0030027679999875545,0.004707150999820442,1.0962806047425295,1.09628060474253
uniform,120,9,0.003009124000072916,0.004325877000155742,1.187561764369212,1.1875617643692122
uniform,120,10,0.0027705389998118335,0.0033150369999930263,1.1258741754494639,1.1258741754494637
uniform,120,11,0.002697134999834816,0.0031389619998662965,1.3679163938325725,1.367916393832572
uniform,120,12,0.002768444000139425,0.0036814340001001256,1.2795313767178473,1.279531376717848
uniform,120,13,0.002736806000029901,0.003051379999760684,1.2725492116949626,1.2725492116949626
uniform,120,14,0.0027410650000092573,0.003168576000007306,1.2956325418451473,1.295632541845147
uniform,120,15,0.002720183000292309,0.003500052000163123,1.3284884892023625,1.3284884892023623
uniform,120,16,0.0026918960002149106,0.0034042269999190466,1.150861987230877,1.1508619872308774
uniform,120,17,0.0027335230001881428,0.0030656969997835404,1.3073506388753584,1.3073506388753584
uniform,120,18,0.0027498659997036157,0.0032201199996961805,1.1687824446137118,1.168782444613712
uniform,120,19,0.0027678859996740357,0.0031728369999655115,1.1378898845999061,1.1378898845999064
uniform,120,20,0.002506252999864955,0.0031840810001995123,1.0789493004714013,1.0789493004714013
uniform,120,21,0.0025202219999300723,0.0030486549999295676,1.2220892009520061,1.2220892009520061
uniform,120,22,0.0025098849996538775,0.003317272000003868,1.035917905900893,1.035917905900893
uniform,120,23,0.0025111420000030193,0.005181038000046101,1.0436033707438757,1.0436033707438754
uniform,120,24,0.002755593000074441,0.003964439000355924,1.0885561317265595,1.08855613172656
uniform,120,25,0.002724861999922723,0.003809108000041306,1.1279453710512293,1.1279453710512293
uniform,120,26,0.0027501449999363103,0.0035119950002808764,1.1456368582076855,1.1456368582076852
uniform,120,27,0.0028301859997554857,0.0033026060000338475,1.164331291685167,1.164331291685167
uniform,120,28,0.0027143160000377975,0.003641763999894465,1.2327793563334275,1.2327793563334275
uniform,120,29,0.002819360000103188,0.004955374000019219,1.0131321669256406,1.0131321669256406
uniform,140,0,0.0036642530003518914,0.009272101999613369,1.0869248161335352,1.0869248161335348
uniform,140,1,0.003850944000078016,0.007143213000290416,0.9462096865272477,0.9462096865272477
uniform,140,2,0.004065711999828636,0.006840582000222639,1.029535187438599,1.029535187438599
uniform,140,3,0.003792834999785555,0.009080314000129874,1.1335159989532662,1.133515998953266
uniform,140,4,0.004783140999734314,0.008687794000252325,1.1069049722951423,1.1069049722951423
uniform,140,5,0.003938316999665403,0.0052383089996510535,1.4083784617411617,1.408378461741162
uniform,140,6,0.0036958929999855172,0.006030051999914576,1.0787038321453042,1.0787038321453042
uniform,140,7,0.003970096000102785,0.005157640000106767,1.2764055492180177,1.2764055492180173
uniform,140,8,0.0037252269999044074,0.006016852000357176,1.1580431283268142,1.158043128326815
uniform,140,9,0.0037594499999613618,0.00745652900013738,1.1517496334512722,1.151749633451272
uniform,140,10,0.0036999429999013955,0.005345587999727286,1.210951636141902,1.2109516361419015
uniform,140,11,0.003737518999969325,0.004628507999768772,1.1679246584900822,1.1679246584900818
uniform,140,12,0.0037729989999206737,0.005018931999984488,1.0622276834720839,1.0622276834720839
uniform,140,13,0.0038294330001917842,0.0054233240002758976,1.3062692421016897,1.3062692421016902
uniform,140,14,0.003710070999659365,0.0045682339996346855,1.2122388317560797,1.2122388317560793
uniform,140,15,0.0037448520001817087,0.004982054000265634,1.0830374063177328,1.0830374063177328
uniform,140,16,0.0037148189999243186,0.004781535000347503,1.2264516885293233,1.2264516885293237
uniform,140,17,0.0037763519999316486,0.004501742999764247,1.1790292045567594,1.1790292045567594
uniform,140,18,0.0036744499998349056,0.004705125999862503,1.2172093107106967,1.2172093107106967
uniform,140,19,0.0037136320001991407,0.004608184000062465,1.3771516814981901,1.37715168149819
uniform,140,20,0.004589674999806448,0.005171678999886353,1.186153812203222,1.1861538122032211
uniform,140,21,0.003993005000211269,0.009613497000373172,1.383391251752462,1.3833912517524618
uniform,140,22,0.003753373000108695,0.007241970999984915,1.2792492062506267,1.2792492062506273
uniform,140,23,0.0040942079999695125,0.005162947999906464,1.0980915759770722,1.098091575977072
uniform,140,24,0.0044715710000673425,0.006260884000312217,1.0433763236498603,1.0433763236498603
uniform,140,25,0.0037215249999462685,0.009185776999856898,1.1676725996367767,1.1676725996367767
uniform,140,26,0.003703434999806632,0.005118388000028062,1.3948034002737053,1.3948034002737049
uniform,140,27,0.003720616999999038,0.006871661999866774,1.2945707184231643,1.294570718423164
uniform,140,28,0.003686044000005495,0.007145307999962824,1.2881734776738147,1.2881734776738156
uniform,140,29,0.004870375999871612,0.007805186000041431,0.9995750085949274,0.9995750085949274
uniform,160,0,0.005042958000103681,0.00685951000014029,1.1577865915983707,1.1577865915983712
uniform,160,1,0.0051110549998156785,0.007107453000116948,1.40589028497971,1.40589028497971
uniform,160,2,0.005154916999799752,0.0075498400001379196,1.270571592157801,1.2705715921578005
uniform,160,3,0.005252348000340135,0.006991512999775296,0.9151953387705977,0.9151953387705977
uniform,160,4,0.005169373999706295,0.007030346000192367,1.4139048991240142,1.4139048991240144
uniform,160,5,0.005259611999917979,0.008761340000091877,1.2030794326284573,1.2030794326284577
uniform,160,6,0.005246691000138526,0.011757542999930592,1.3014324779275537,1.3014324779275535
uniform,160,7,0.004976956000064092,0.009566003999680106,1.1616671448289786,1.1616671448289788
uniform,160,8,0.005028220999975019,0.013087497000014991,1.1808337694506152,1.1808337694506148
uniform,160,9,0.005125163000229804,0.012277176999759831,1.1024053483940686,1.1024053483940683
uniform,160,10,0.004529611000180012,0.009068648999800644,1.144845991466866,1.1448459914668663
uniform,160,11,0.004622572000243963,0.008465275000162364,1.441869539755705,1.441869539755705
uniform,160,12,0.00511936600014451,0.006550034000156302,1.1745112107571054,1.1745112107571056
uniform,160,13,0.00524340799984202,0.00704207899980247,1.2333737782016616,1.233373778201662
uniform,160,14,0.0052251089996389055,0.007398350000130449,1.1944663918859129,1.1944663918859137
uniform,160,15,0.005464881000079913,0.008780196999850887,1.2260276626041984,1.2260276626041982
uniform,160,16,0.005105328000354348,0.007837524000024132,1.3585839517233875,1.358583951723387
uniform,160,17,0.005071872999906191,0.008568223000111175,1.1846912300307846,1.1846912300307846
uniform,160,18,0.005004265000025043,0.007497316999888426,1.2584797388746622,1.2584797388746618
uniform,160,19,0.004662730999825726,0.007461209000211966,1.07102900464101,1.0710290046410103
uniform,160,20,0.005091568999887386,0.006298739000158093,1.1628614248285372,1.1628614248285372
uniform,160,21,0.005220080000071903,0.007017705000180285,1.1522104954917625,1.1522104954917627
uniform,160,22,0.005148490999999922,0.007445913000083237,1.1667250537973692,1.1667250537973688
uniform,160,23,0.005094991000078153,0.007045431999813445,1.359636919117607,1.3596369191176065
uniform,160,24,0.0051609230004032725,0.01321384399989256,1.231054850058158,1.231054850058158
uniform,160,25,0.006415306000235432,0.009910959000080766,1.1251188139659698,1.1251188139659696
uniform,160,26,0.00649416000032943,0.010252141999899322,1.2339895193883197,1.2339895193883192
uniform,160,27,0.005664980999881664,0.009921365000082005,1.2585904809187642,1.2585904809187642
uniform,160,28,0.0051660920003087085,0.008367213999918022,1.0688111636870774,1.0688111636870774
uniform,160,29,0.005172797000341234,0.008251833000031183,1.303944360985898,1.3039443609858976
uniform,180,0,0.006630772999869805,0.010691596000015124,1.1534773792992414,1.1534773792992408
uniform,180,1,0.006548218000261841,0.013718879000407469,1.372668988848369,1.372668988848369
uniform,180,2,0.006900017999669217,0.010215684999820951,1.0730882239734096,1.0730882239734099
uniform,180,3,0.006239582000034716,0.008732633999898098,1.2923331238680191,1.2923331238680185
uniform,180,4,0.006516438999824459,0.008545593999770063,1.2198460356632346,1.219846035663235
uniform,180,5,0.006516858999930264,0.00818918400000257,1.3267394137103141,1.3267394137103146
uniform,180,6,0.0064274599999407656,0.008694918999935908,1.372803429871572,1.372803429871572
uniform,180,7,0.0064283680003427435,0.008565779000036855,1.32374893880695,1.32374893880695
uniform,180,8,0.006341202999919915,0.010910484999840264,1.2846623987389443,1.2846623987389436
uniform,180,9,0.006326187000013306,0.01057614499995907,1.1392519627342068,1.139251962734206
uniform,180,10,0.006665835000148945,0.011742527000023983,1.35368294792061,1.3536829479206096
uniform,180,11,0.006260465000195836,0.009341457999653358,0.951821589826567,0.951821589826567
uniform,180,12,0.006457491999753984,0.008899280000150611,1.2053327442733268,1.205332744273326
uniform,180,13,0.007476713999949425,0.01378558000033081,1.3188502474945842,1.3188502474945842
uniform,180,14,0.008593226999892067,0.012664525999753096,1.0919754973080404,1.0919754973080402
uniform,180,15,0.006419218000246474,0.008003959999768995,1.2668191332833838,1.2668191332833836
uniform,180,16,0.0064062280002872285,0.007897728999978426,1.2197803696223115,1.2197803696223117
uniform,180,17,0.00643521200026953,0.00845368000000235,1.2439051892755644,1.2439051892755648
uniform,180,18,0.006397287000254437,0.007940053000311309,1.1886294218067164,1.1886294218067164
uniform,180,19,0.006452672999785136,0.009488825999596884,1.1667122899067832,1.1667122899067839
uniform,180,20,0.006323393999991822,0.00940138299984028,1.2407515003512795,1.2407515003512788
uniform,180,21,0.00592577599991273,0.007992995000222436,1.2263860761118344,1.2263860761118346
uniform,180,22,0.005941350999819406,0.008385792999888508,1.1953697172192848,1.1953697172192848
uniform,180,23,0.005975364000278205,0.008050335999996605,1.2803411978791241,1.2803411978791237
uniform,180,24,0.006464406000304734,0.00823318599987033,1.2145294723029436,1.2145294723029445
uniform,180,25,0.006448760999774095,0.00801227200008725,1.1188819400423116,1.1188819400423118
uniform,180,26,0.006477467999957298,0.008279979999770148,1.235198522612897,1.2351985226128972
uniform,180,27,0.006590963000235206,0.008563544000026013,1.1717409726049262,1.171740972604926
uniform,180,28,0.006459867000103259,0.008269853000001604,1.2921558053447875,1.292155805344788
uniform,180,29,0.00643786699993143,0.008594624000124895,1.0900844577843292,1.0900844577843285
uniform,200,0,0.007856242000343627,0.01071080300016547,1.1249024982664748,1.1249024982664748
uniform,200,1,0.007929717000024539,0.012111018999803491,1.2565439928614834,1.2565439928614837
uniform,200,2,0.007860711999910563,0.011191604000032385,1.2634471076826372,1.2634471076826372
uniform,200,3,0.007994181999947614,0.011110026000096695,1.3288119934756848,1.328811993475686
uniform,200,4,0.008021980000194162,0.011118757000076585,1.0495536095937834,1.0495536095937834
uniform,200,5,0.007825021999906312,0.01193019499987713,1.0442349815674339,1.0442349815674343
uniform,200,6,0.0079444540001532,0.010354114000165282,1.3248626697173078,1.3248626697173074
uniform,200,7,0.007909600999937538,0.011303632000362995,1.1652688112875071,1.1652688112875067
uniform,200,8,0.008024493999982951,0.01004959699957908,1.0392992024922694,1.0392992024922694
uniform,200,9,0.00788760099976571,0.013438110000151937,1.2148181208632676,1.2148181208632673
uniform,200,10,0.00782935200004431,0.010538499999711348,1.240691253134489,1.240691253134488
uniform,200,11,0.00823562999994465,0.010740765999798896,1.1110879486408884,1.1110879486408887
uniform,200,12,0.008024005000152101,0.010576493999906234,1.2356211884140054,1.235621188414006
uniform,200,13,0.007808958000168786,0.009836644999722921,1.2318270635350839,1.2318270635350843
uniform,200,14,0.007954231999974581,0.010122443000000203,1.173519525962437,1.1735195259624371
uniform,200,15,0.007916936000128771,0.01019633799978692,1.2707842582898095,1.2707842582898092
uniform,200,16,0.008045236999805638,0.010118114000306377,1.2745077023793316,1.2745077023793328
uniform,200,17,0.008004868000170973,0.010087032999763323,1.2459927140226297,1.245992714022629
uniform,200,18,0.007799529000294569,0.010411176000161504,1.218507381040884,1.218507381040884
uniform,200,19,0.007793732000209275,0.011563587999717129,1.2165387531959237,1.216538753195924
uniform,200,20,0.007932929000162403,0.00990111099963542,1.3002190684091208,1.30021906840912
uniform,200,21,0.007960029000059876,0.010724352000124782,1.2698265573721885,1.269826557372188
uniform,200,22,0.0077156470001682464,0.010035698000137927,1.2403646245148634,1.2403646245148643
uniform,200,23,0.007979095999871788,0.011159474999658414,1.1520089648263045,1.1520089648263039
uniform,200,24,0.007882292999966012,0.010766887000045244,1.2203441873539025,1.2203441873539014
uniform,200,25,0.00783242599982259,0.011436055000103806,1.2810708530043955,1.2810708530043966
uniform,200,26,0.008063956000114558,0.010492613000224082,1.1982984664749337,1.1982984664749337
uniform,200,27,0.007857708999836177,0.010260385000037786,1.1722700374957522,1.1722700374957524
uniform,200,28,0.007840248000320571,0.009897688999899401,1.245483483362078,1.2454834833620778
uniform,200,29,0.007911348000106955,0.009888329000204976,1.187180325920957,1.1871803259209572
gamma,20,0,9.715099986351561e-05,8.423100007348694e-05,4.869710787969671,4.86971078796967
gamma,20,1,9.128500005317619e-05,8.772299997872324e-05,6.1839467582079575,6.1839467582079575
gamma,20,2,9.254199994757073e-05,7.193900000856956e-05,7.086079916166097,7.086079916166097
gamma,20,3,9.135500022239285e-05,7.23580001249502e-05,7.427373626041713,7.427373626041714
gamma,20,4,9.903699992719339e-05,7.382400008282275e-05,5.952188775003396,5.952188775003396
gamma,20,5,8.967899975687033e-05,7.340499996644212e-05,7.074405615307828,7.074405615307827
gamma,20,6,9.044700027516228e-05,7.522099986090325e-05,8.575100913073978,8.575100913073978
gamma,20,7,9.715199985294021e-05,7.123999967006966e-05,7.206296422930713,7.206296422930713
gamma,20,8,8.925900010581245e-05,7.298600030480884e-05,7.318579869902055,7.318579869902054
gamma,20,9,8.821200026432052e-05,7.116999995560036e-05,5.968910836435284,5.968910836435283
gamma,20,10,8.828099998936523e-05,7.186900029410026e-05,7.431392308744434,7.431392308744433
gamma,20,11,8.821200026432052e-05,6.81659998917894e-05,7.379603851895745,7.379603851895746
gamma,20,12,8.821200026432052e-05,7.116999995560036e-05,6.396736161501473,6.396736161501472
gamma,20,13,8.800199975667056e-05,7.200800018836162e-05,8.75545867356971,8.75545867356971
gamma,20,14,8.911999975680374e-05,6.907499982844456e-05,6.040409663133714,6.040409663133714
gamma,20,15,8.911999975680374e-05,7.284699995580013e-05,9.388802539041874,9.388802539041874
gamma,20,16,8.86309999259538e-05,6.963399982851115e-05,6.640829029899354,6.640829029899354
gamma,20,17,9.323999984189868e-05,9.156499982054811e-05,8.503358140713,8.503358140713003
gamma,20,18,8.772299997872324e-05,6.858599999759463e-05,7.197382811237316,7.197382811237316
gamma,20,19,8.793300003162585e-05,7.305600001927814e-05,6.237725668686274,6.237725668686274
gamma,20,20,8.897999987311778e-05,8.255500006271177e-05,4.991581157023411,4.99158115702341
gamma,20,21,8.918999992602039e-05,8.506899985150085e-05,7.092971400539834,7.0929714005398345
gamma,20,22,8.863100038070115e-05,7.284699995580013e-05,7.121771997945882,7.121771997945881
gamma,20,23,8.72340001478733e-05,7.23580001249502e-05,7.699916032128676,7.699916032128675
gamma,20,24,8.912000021155109e-05,7.703699975536438e-05,6.672065628354196,6.672065628354197
gamma,20,25,8.988799982034834e-05,7.256700018842821e-05,5.1807371483993885,5.180737148399389
gamma,20,26,8.849100004226784e-05,7.305600001927814e-05,8.248180532138052,8.248180532138052
gamma,20,27,9.966600009647664e-05,7.23580001249502e-05,5.91142000709167,5.911420007091672
gamma,20,28,8.863100038070115e-05,7.193900000856956e-05,7.546164430720586,7.546164430720587
gamma,20,29,8.835099970383453e-05,7.054199977574171e-05,7.341706616095546,7.341706616095546
gamma,40,0,0.0003196030002072803,0.00032805399996505,9.854227955304154,9.854227955304152
gamma,40,1,0.0003264470001340669,0.00029760100005660206,9.250989313597394,9.250989313597396
gamma,40,2,0.0003427209999244951,0.00031673900002715527,9.40526239618664,9.405262396186638
gamma,40,3,0.0003313359998173837,0.0002929920001406572,9.614883475484747,9.614883475484747
gamma,40,4,0.00032155799999600276,0.0002930619998551265,8.69557668263637,8.69557668263637
gamma,40,5,0.00032016100021792226,0.0003019320001840242,9.430720271223516,9.430720271223517
gamma,40,6,0.0003304980000393698,0.00029313200002434314,10.524471549874482,10.524471549874482
gamma,40,7,0.00032323400000677793,0.00029941800039523514,11.660009764435774,11.66000976443577
gamma,40,8,0.00034223199963889783,0.000306960999751027,8.228739679538124,8.228739679538126
gamma,40,9,0.00033357099982822547,0.0002831440001500596,7.439891935169811,7.439891935169812
gamma,40,10,0.0003184850002071471,0.0002999759999511298,8.894108259580044,8.894108259580042
gamma,40,11,0.00032190799993259134,0.0003068219998567656,9.399584361584827,9.399584361584827
gamma,40,12,0.00033224399976461427,0.00029047799989712075,9.435865165708403,9.435865165708405
gamma,40,13,0.0003273550000812975,0.00029585499987661024,12.163654818364284,12.163654818364284
gamma,40,14,0.0003353170000082173,0.00030339900013132137,9.78749833517046,9.78749833517046
gamma,40,15,0.00033699300001899246,0.0002886620000026596,9.309288400740915,9.309288400740915
gamma,40,16,0.0003247009999540751,0.000285449000330118,9.990555890531326,9.990555890531324
gamma,40,17,0.00033741199968062574,0.00031205999994199374,10.019311382913001,10.019311382913003
gamma,40,18,0.00032393200035585323,0.0002886620000026596,9.830413915903302,9.830413915903303
gamma,40,19,0.00032770500001788605,0.0003098239999417274,9.733652229168614,9.733652229168616
gamma,40,20,0.00034055499963869806,0.0002932709999186045,11.239771156831557,11.239771156831559
gamma,40,21,0.000331616000039503,0.0002876839998862124,9.129596571327982,9.129596571327982
gamma,40,22,0.0003248410002925084,0.0003206500000487722,10.339723006312232,10.33972300631223
gamma,40,23,0.00033252399998673354,0.00029837000010957127,8.993259687815305,8.993259687815305
gamma,40,24,0.0003336409999974421,0.0002818879997903423,8.648457407416256,8.648457407416256
gamma,40,25,0.00033098599988079513,0.0002999769999405544,11.633565287456133,11.633565287456134
gamma,40,26,0.0003216280001652194,0.00029124599996066536,8.849660307285424,8.849660307285426
gamma,40,27,0.00032882200002859463,0.0002962049998131988,10.29341666337087,10.29341666337087
gamma,40,28,0.00033007899992298917,0.0002895699999498902,10.452966598508862,10.452966598508864
gamma,40,29,0.0003233739998904639,0.0002888019998863456,8.791027017734997,8.791027017734995
gamma,60,0,0.0007104450000952056,0.0007986569999047788,12.823615254946137,12.823615254946136
gamma,60,1,0.0007140770003388752,0.0006876760003251547,13.23624851371199,13.236248513711992
gamma,60,2,0.0007032510002318304,0.0006824379997851793,12.77844163463613,12.778441634636133
gamma,60,3,0.0007163119998949696,0.0006847429999652377,12.159341061802492,12.15934106180249
gamma,60,4,0.0007144260002860392,0.0007142169997678138,12.874780400984038,12.874780400984037
gamma,60,5,0.0007137269999475393,0.0006957780001357605,13.01366905646952,13.013669056469523
gamma,60,6,0.000715752999894903,0.0007068830000207527,12.101651704262979,12.101651704262984
gamma,60,7,0.0007116320002751308,0.0006958479998502298,11.016231720525864,11.016231720525864
gamma,60,8,0.0007117019999896002,0.0007275570001183951,12.061122119687706,12.061122119687704
gamma,60,9,0.0006963370001358271,0.0007016439999460999,11.278619245939408,11.278619245939414
gamma,60,10,0.0007071629997881246,0.0007014359998720465,12.815360493530301,12.815360493530301
gamma,60,11,0.0006981530000302882,0.0006817399998908513,9.846966280298176,9.846966280298178
gamma,60,12,0.000706812999851536,0.0006863489998067962,11.298284732137066,11.298284732137068
gamma,60,13,0.0007143560001168225,0.0006781070001125045,10.705204148130187,10.705204148130191
gamma,60,14,0.00071365700023307,0.0007011560001046746,13.258420083731949,13.258420083731952
gamma,60,15,0.0007241339999382035,0.0006923549999555689,11.337679812302648,11.337679812302648
gamma,60,16,0.0007274170002347091,0.0006899109998812492,11.897631516381763,11.897631516381766
gamma,60,17,0.0007093970002642891,0.0006839739999122685,11.123961993542096,11.123961993542094
gamma,60,18,0.0007135179998840613,0.0006817390003561741,10.932202507035848,10.932202507035848
gamma,60,19,0.0007202919996416313,0.0006887940003252879,12.565738495057179,12.565738495057174
gamma,60,20,0.0007177089996730501,0.0007029719999991357,11.356528505505015,11.356528505505016
gamma,60,21,0.0007056249996821862,0.0007020640000519052,10.544940407835465,10.544940407835465
gamma,60,22,0.0007059050003590528,0.0007039490001261584,12.438292921376139,12.43829292137614
gamma,60,23,0.0007023430002845998,0.0006984320002629829,12.035995443864591,12.0359954438646
gamma,60,24,0.0007124710000425694,0.0007124009998733527,12.523939291706423,12.523939291706423
gamma,60,25,0.0007617799997206021,0.0007126100003915781,9.83594457564188,9.83594457564188
gamma,60,26,0.0007594050002808217,0.0006883050000396906,12.323240246817953,12.323240246817953
gamma,60,27,0.0007733739998911915,0.0007138679998206499,11.666158752211286,11.666158752211285
gamma,60,28,0.0007690430002185167,0.0006986410003264609,11.20396099150456,11.203960991504559
gamma,60,29,0.0007962119998410344,0.0007021339997663745,12.864484942056714,12.86448494205672
gamma,80,0,0.0013721390000682732,0.0017953189999388997,14.469722358588545,14.469722358588546
gamma,80,1,0.0013396620001913107,0.0015345939996223024,13.957116436245553,13.957116436245554
gamma,80,2,0.0013293259999045404,0.0014891959999658866,11.841964103333554,11.841964103333549
gamma,80,3,0.0013401520000115852,0.0015109179998944455,15.354560890066882,15.354560890066882
gamma,80,4,0.0013451100003294414,0.0014931780001461448,12.761393603555446,12.761393603555446
gamma,80,5,0.0013379160000113188,0.0014376520002770121,13.741891287528157,13.741891287528153
gamma,80,6,0.0013381250000747968,0.0014143950002107886,13.460050543555518,13.460050543555514
gamma,80,7,0.0013619420001305116,0.0014240330001484836,12.598907131889959,12.598907131889957
gamma,80,8,0.0013815679999424901,0.0014380709999386454,14.867020233281236,14.867020233281238
gamma,80,9,0.001375631999962934,0.0014194929999575834,11.709356170392697,11.709356170392695
gamma,80,10,0.00122162700017725,0.0014154420000522805,14.234461224929422,14.234461224929428
gamma,80,11,0.0013401510000221606,0.0013480439997692883,13.977349856258975,13.977349856258975
gamma,80,12,0.0013239469999462017,0.0014340909997372364,14.206818152455442,14.206818152455437
gamma,80,13,0.001345109999874694,0.0013770979999208066,12.560541529014188,12.560541529014193
gamma,80,14,0.0013446910002130608,0.0014251510001486167,14.654826828080097,14.6548268280801
gamma,80,15,0.0013527930000236665,0.0013731170001847204,13.378195009969586,13.378195009969584
gamma,80,16,0.0013367980000111856,0.0013939300001766242,13.501677041127296,13.501677041127289
gamma,80,17,0.0013172419999136764,0.0013954669998383906,12.836777335978839,12.83677733597884
gamma,80,18,0.001345809000213194,0.001401125000029424,12.699423146105744,12.699423146105744
gamma,80,19,0.001379054000153701,0.001381918000333826,15.385957885467342,15.385957885467334
gamma,80,20,0.0013589390000561252,0.0014577669999198406,13.251521021810262,13.251521021810262
gamma,80,21,0.0013405700001385412,0.0013884129998587014,13.795493826486865,13.795493826486869
gamma,80,22,0.0013735369998357783,0.0014023109997651773,14.041591324961184,14.041591324961178
gamma,80,23,0.0013794729998153343,0.001469500999974116,13.242693361980347,13.24269336198035
gamma,80,24,0.0013590779999503866,0.0014263379998737946,14.381326858653072,14.381326858653072
gamma,80,25,0.001353840999854583,0.0014492459999928542,13.439452574529168,13.439452574529163
gamma,80,26,0.0012272149997443194,0.0013904379998166405,12.433867336641153,12.433867336641157
gamma,80,27,0.001227005000146164,0.001416629999766883,13.26012553957358,13.260125539573577
gamma,80,28,0.0013476239996634831,0.0013475539999490138,13.65719372399948,13.65719372399949
gamma,80,29,0.0013566339998760668,0.0013952570002402354,13.332362279845814,13.332362279845814
gamma,100,0,0.002111151000008249,0.0023843069998292776,15.019640265500165,15.01964026550017
gamma,100,1,0.0020782540000254812,0.002331436000076792,15.428732589814569,15.428732589814569
gamma,100,2,0.0021154810001462465,0.002219198000148026,16.81547836149999,16.8154783615
gamma,100,3,0.0020815369998672395,0.002196079999976064,16.045332959393853,16.04533295939386
gamma,100,4,0.002495149000424135,0.0022573320002265973,15.408333248978778,15.408333248978769
gamma,100,5,0.0026471959999980754,0.0024791539999569068,15.81233005084549,15.812330050845496
gamma,100,6,0.0021916790001341724,0.002809372999763582,14.206362315567482,14.206362315567482
gamma,100,7,0.0020396999998411047,0.0026204459995824436,14.354154383388053,14.354154383388046
gamma,100,8,0.0020464059998630546,0.002191189999848575,14.792985109719554,14.792985109719563
gamma,100,9,0.0020904070001961372,0.0022013179996065446,14.967970848498164,14.967970848498167
gamma,100,10,0.002061911000055261,0.0022080230000938172,15.475568322755782,15.475568322755773
gamma,100,11,0.002043891000084841,0.00228617699985989,14.866350612229802,14.8663506122298
gamma,100,12,0.0020844010000473645,0.0022451790000559413,15.831907200562227,15.831907200562235
gamma,100,13,0.0020802099998036283,0.00216926000030071,16.199170936743755,16.19917093674376
gamma,100,14,0.0020657519999076612,0.0022099779998825397,14.62365324576928,14.623653245769274
gamma,100,15,0.002061422000224411,0.0022122840000520227,16.79996508457376,16.79996508457376
gamma,100,16,0.002072946000225784,0.0021809929999108135,14.854834333687185,14.854834333687192
gamma,100,17,0.0020782540000254812,0.002239382999960071,14.617539078019787,14.617539078019789
gamma,100,18,0.0020957850001650513,0.0022421059998123383,14.84016231032123,14.840162310321228
gamma,100,19,0.0020515740002338134,0.002229533999980049,14.872412245160268,14.872412245160268
gamma,100,20,0.002088311000079557,0.0023441469998033426,15.077429640123796,15.077429640123798
gamma,100,21,0.002113035999627755,0.0023839579998821137,14.71121832230225,14.71121832230225
gamma,100,22,0.0020708500001092034,0.0022099779998825397,16.065016629768373,16.065016629768373
gamma,100,23,0.0020614919999388803,0.002199780999944778,14.346303897549014,14.34630389754902
gamma,100,24,0.0020563230000334443,0.0022027840000191645,16.378621671127462,16.378621671127465
gamma,100,25,0.0020704319999822474,0.0021858120003344084,15.066884939986142,15.066884939986144
gamma,100,26,0.0020813279998037615,0.0021547329997702036,14.029129160083036,14.029129160083032
gamma,100,27,0.002094177999879321,0.002197825000166631,15.03752032300122,15.037520323001226
gamma,100,28,0.002055833999747847,0.002225483000074746,15.909740455952926,15.90974045595292
gamma,100,29,0.0020476630002121965,0.0022177309997459815,14.31311421628056,14.313114216280551
gamma,120,0,0.0026949690000037663,0.0033521240002301056,16.827595400610104,16.827595400610107
gamma,120,1,0.0029176299999562616,0.003212087999600044,16.171396912814743,16.171396912814735
gamma,120,2,0.0029515030000766274,0.0032434479999210453,14.997673893366231,14.997673893366231
gamma,120,3,0.0029255219997139648,0.003225707999717997,15.663948154230686,15.663948154230694
gamma,120,4,0.00293921100001171,0.003266285999870888,15.164738608535911,15.164738608535911
gamma,120,5,0.0029242649998195702,0.0032139039999492525,15.700893710876144,15.700893710876136
gamma,120,6,0.002954575999865483,0.003271175999998377,16.334184510002473,16.334184510002476
gamma,120,7,0.002966519999972661,0.0033230690000891627,16.617260418631336,16.617260418631336
gamma,120,8,0.00294717299993863,0.003232622000268748,16.916269011188415,16.916269011188415
gamma,120,9,0.0028952100001333747,0.0032322729998668365,16.609154135906607,16.609154135906614
gamma,120,10,0.002909667000039917,0.003216697999960161,16.35486944307389,16.35486944307389
gamma,120,11,0.002927687000010337,0.003203358000064327,16.87979276802915,16.879792768029144
gamma,120,12,0.00297699599968837,0.0033383649997631437,16.600515762255462,16.600515762255462
gamma,120,13,0.0029703609998250613,0.0032607690000077127,17.378122386720147,17.378122386720143
gamma,120,14,0.0029293630000211124,0.003218025000023772,17.299190691252253,17.29919069125226
gamma,120,15,0.002909248999912961,0.0032337399998141336,16.383609232888052,16.38360923288805
gamma,120,16,0.002956602000267594,0.0044075240002712235,16.85031001604833,16.850310016048322
gamma,120,17,0.003131280000161496,0.003509760999804712,16.2015035318266,16.201503531826596
gamma,120,18,0.0029464050003298325,0.0033906779999597347,16.42530036424801,16.42530036424801
gamma,120,19,0.002913368999998056,0.003454305000104796,15.47613481136245,15.476134811362444
gamma,120,20,0.0029527609999604465,0.0036353380000946345,16.47720221708692,16.477202217086923
gamma,120,21,0.003055499999845779,0.0037025269998594013,17.24861729542027,17.248617295420274
gamma,120,22,0.003023651000148675,0.0038665189999846916,16.01305541245804,16.013055412458048
gamma,120,23,0.0029044990001239057,0.0035249860002295463,16.02421594996848,16.024215949968486
gamma,120,24,0.003030147000117722,0.0034334910001234675,16.713786394989935,16.71378639498993
gamma,120,25,0.0030515190001096926,0.0034714160001385608,15.906770861265738,15.906770861265745
gamma,120,26,0.0032262660001833865,0.0038046380000196223,16.610043822498362,16.610043822498362
gamma,120,27,0.0030433479996645474,0.0038918029999877035,17.25708349394865,17.257083493948656
gamma,120,28,0.0030290990002868057,0.0036761270002898527,18.748670827395166,18.748670827395163
gamma,120,29,0.0029202830000940594,0.003606283999943116,16.820260951084276,16.820260951084272
gamma,140,0,0.003953544000069087,0.005241662000116776,16.21126718271865,16.211267182718654
gamma,140,1,0.0040161230003832316,0.0049777940002968535,17.6427147827712,17.6427147827712
gamma,140,2,0.004032396999718912,0.004877009999745496,18.545487174867283,18.54548717486728
gamma,140,3,0.003943975000311184,0.004867301999638585,17.67032328337895,17.67032328337894
gamma,140,4,0.003928121000171814,0.0048378290002801805,18.35051859931634,18.350518599316338
gamma,140,5,0.0040221300000666815,0.00481093900043561,17.20712535136168,17.207125351361682
gamma,140,6,0.003954870999677951,0.004893353999705141,17.91320834738967,17.913208347389677
gamma,140,7,0.003993982999872969,0.0047580670002389525,16.655335396883746,16.655335396883746
gamma,140,8,0.003647839999757707,0.004734320000352454,16.688782528140315,16.688782528140322
gamma,140,9,0.003997544999947422,0.004706033999809733,17.64228257710972,17.64228257710972
gamma,140,10,0.003971214000102918,0.004948181000145269,17.64583276614403,17.64583276614403
gamma,140,11,0.004027227999813476,0.004874216000189335,17.941203325180528,17.941203325180524
gamma,140,12,0.004120259000046644,0.004736486000183504,18.531674593262206,18.531674593262217
gamma,140,13,0.003987137999956758,0.004675163999763754,17.368628052143286,17.368628052143283
gamma,140,14,0.0039700270003777405,0.0048321009999199305,19.685220415068578,19.68522041506857
gamma,140,15,0.003998662999947555,0.004669437000302423,17.73711790850747,17.737117908507475
gamma,140,16,0.004036516999804007,0.004709666000053403,18.86509702366607,18.865097023666067
gamma,140,17,0.003914571000223077,0.004702122999788116,17.91524702908828,17.91524702908828
gamma,140,18,0.003959411000323598,0.004723495000234834,17.611608761004316,17.61160876100432
gamma,140,19,0.004039171999920654,0.004668248999678326,17.634863000219028,17.634863000219024
gamma,140,20,0.0036296809998930257,0.004794176000359585,17.349203281708046,17.349203281708043
gamma,140,21,0.00400788199976887,0.00489558900017073,16.688405682021386,16.688405682021394
gamma,140,22,0.004081357000359276,0.004774551000082283,17.87048132794722,17.87048132794724
gamma,140,23,0.004082963999735512,0.004823441000098683,17.977206407149815,17.977206407149808
gamma,140,24,0.0040224790000138455,0.004718745999980456,16.9835677452201,16.983567745220107
gamma,140,25,0.004043571999773121,0.004741514999750507,17.025750118854607,17.0257501188546
gamma,140,26,0.00402827600009914,0.004849283000112337,18.216090919313057,18.216090919313057
gamma,140,27,0.003931892000309745,0.004730269999981829,17.899532496524706,17.89953249652472
gamma,140,28,0.003890755000156787,0.004639543999928719,17.60935052767392,17.60935052767393
gamma,140,29,0.0038688940003339667,0.004959075999977358,18.097545503310283,18.09754550331028
gamma,160,0,0.00527567499966608,0.006957499000236567,18.31304029012144,18.31304029012143
gamma,160,1,0.005353760000161856,0.00645714299980682,17.32350997284783,17.323509972847823
gamma,160,2,0.005148002000169072,0.007194197999979224,18.262592776212063,18.262592776212067
gamma,160,3,0.005805506000342575,0.00910629500003779,18.54141092784138,18.54141092784139
gamma,160,4,0.005363958000089042,0.006495487000393041,18.813575049539892,18.813575049539896
gamma,160,5,0.005166999999801192,0.0064803310001479986,18.605708183842214,18.605708183842193
gamma,160,6,0.0052060419998269936,0.006261163000090164,18.986022076220916,18.986022076220916
gamma,160,7,0.0050923369999509305,0.006363692999912018,19.16345638023249,19.163456380232464
gamma,160,8,0.005211837999922864,0.0063073289998101245,19.503162898158276,19.50316289815827
gamma,160,9,0.005238029999873106,0.0062802300003568234,19.15375526421474,19.153755264214748
gamma,160,10,0.005249345000265748,0.006480190999809565,18.70909654584168,18.709096545841682
gamma,160,11,0.005221197000082611,0.006364530999690032,18.112552900041088,18.112552900041088
gamma,160,12,0.005168884999875445,0.006491574999927252,19.092831543779372,19.09283154377936
gamma,160,13,0.0053058480002619035,0.0076101139998172584,17.826570966945084,17.826570966945077
gamma,160,14,0.005299353000282281,0.006674705000023096,19.089709491411917,19.089709491411913
gamma,160,15,0.005363119000321603,0.006791970999984187,17.576313011990607,17.576313011990603
gamma,160,16,0.005183760999898368,0.007146215999910055,20.119329988043347,20.119329988043354
gamma,160,17,0.005337276999853202,0.006497373000001971,18.41950988379889,18.4195098837989
gamma,160,18,0.005323726999904466,0.006618132000312471,19.19134704080962,19.191347040809607
gamma,160,19,0.005497987000126159,0.0067760470001303474,18.142368549833126,18.142368549833133
gamma,160,20,0.005288386999836803,0.006504357000267191,20.244621361985494,20.244621361985512
gamma,160,21,0.005410822000158078,0.006663040000148612,19.16279797165942,19.16279797165942
gamma,160,22,0.005367449000004854,0.006287354000050982,17.88662648240252,17.88662648240253
gamma,160,23,0.00540404799994576,0.007034955999642989,18.037140455657127,18.037140455657134
gamma,160,24,0.005170282000108273,0.006604652000078204,17.537567817925588,17.53756781792558
gamma,160,25,0.005372408999846812,0.006784217999665998,19.423599539642208,19.423599539642197
gamma,160,26,0.00513738600011493,0.006553665999945224,21.211870677515606,21.211870677515606
gamma,160,27,0.0053492199999709555,0.006865864999781479,20.150981246992618,20.150981246992625
gamma,160,28,0.005404187000294769,0.006221980999725929,19.18560983620064,19.185609836200655
gamma,160,29,0.005344122000224161,0.0069331250001596345,17.706642160034807,17.7066421600348
gamma,180,0,0.006704596999952628,0.008937624000282085,21.58998473355207,21.589984733552072
gamma,180,1,0.006699499000205833,0.008886429000085627,19.015915918246836,19.015915918246847
gamma,180,2,0.0065686820003065804,0.008342071000242868,21.47111630097721,21.471116300977204
gamma,180,3,0.006523702999857051,0.009051258999988931,19.621999883020344,19.621999883020347
gamma,180,4,0.006490249000307813,0.00845828999990772,19.54349681369015,19.543496813690158
gamma,180,5,0.006656754999767145,0.008755822000239277,18.113503338149822,18.11350333814983
gamma,180,6,0.007774036999762757,0.00918410100030087,18.228160584905943,18.228160584905936
gamma,180,7,0.006656056999872817,0.008507809000093403,19.888855619448375,19.888855619448368
gamma,180,8,0.006046814000001177,0.008629125999959797,19.15566975644768,19.155669756447676
gamma,180,9,0.006676940000033937,0.009782236999853922,20.532025037303317,20.532025037303317
gamma,180,10,0.006552338999881613,0.009114886000133993,20.73788056296841,20.737880562968407
gamma,180,11,0.00692907299981016,0.00862500600032945,19.79882406841467,19.79882406841467
gamma,180,12,0.006589985000118759,0.010058466999907978,20.42918930390998,20.429189303909986
gamma,180,13,0.00693361300000106,0.008955153999977483,20.88488944434071,20.884889444340715
gamma,180,14,0.006806288999996468,0.0092698680000467,20.355339586110812,20.355339586110823
gamma,180,15,0.006864468000003399,0.009355774999676214,20.65729198453769,20.65729198453769
gamma,180,16,0.0077210250001371605,0.010044779000054405,19.96807761164238,19.96807761164239
gamma,180,17,0.007945711000047595,0.00971791200026928,20.917935246421028,20.91793524642103
gamma,180,18,0.006656894000116154,0.008503827999902569,18.978442467127895,18.9784424671279
gamma,180,19,0.006703339999603486,0.009361291999994137,19.162259609226496,19.162259609226506
gamma,180,20,0.00655331699999806,0.009302764000040042,20.408869006087034,20.408869006087034
gamma,180,21,0.006546821000029013,0.009601063999980397,18.457398723320523,18.457398723320512
gamma,180,22,0.0067007560001002275,0.010441347999858408,20.88979837493759,20.889798374937598
gamma,180,23,0.006558765000136191,0.008718664999832981,20.255902610126373,20.255902610126373
gamma,180,24,0.00663796699973318,0.008743529000184935,21.7116979179617,21.71169791796171
gamma,180,25,0.007090480999977444,0.00969486300027711,22.21690164596934,22.216901645969344
gamma,180,26,0.006625674000133586,0.010343566999836185,19.484986738895937,19.484986738895934
gamma,180,27,0.006571894999979122,0.008518284999809111,18.97034566804769,18.970345668047685
gamma,180,28,0.0066671609997683845,0.011176797000189254,20.333842476102284,20.333842476102287
gamma,180,29,0.006668487999831996,0.008467927999845415,20.988142854530466,20.988142854530484
gamma,200,0,0.008118503000332566,0.012527703000159818,21.296437883259085,21.29643788325908
gamma,200,1,0.009700101999897015,0.014292572000158543,21.568673466878124,21.568673466878117
gamma,200,2,0.009923950000029436,0.01143458800015651,21.37739736221726,21.37739736221725
gamma,200,3,0.008306729999731033,0.016604171999915707,20.747729404331107,20.747729404331096
gamma,200,4,0.008670055000038701,0.011623374999999214,21.037429362240484,21.037429362240495
gamma,200,5,0.007475876000171411,0.009602322000318964,20.341280047886304,20.341280047886304
gamma,200,6,0.0076775140000791,0.012362175999896863,21.326367729979765,21.32636772997978
gamma,200,7,0.007838153000193415,0.01112231899969629,21.617126603278223,21.617126603278226
gamma,200,8,0.008071847000337584,0.012998795999919821,21.31067990856442,21.310679908564424
gamma,200,9,0.008172211999863066,0.017583372999979474,20.51096215216595,20.51096215216595
gamma,200,10,0.008658599999762373,0.014204917999904865,21.328210191141828,21.328210191141817
gamma,200,11,0.008060533000389114,0.013446211999962543,21.859185806379777,21.859185806379784
gamma,200,12,0.00806542200007243,0.013055578999683348,20.925707415819435,20.925707415819424
gamma,200,13,0.00829045699993003,0.0163495229999171,20.871797274966248,20.87179727496625
gamma,200,14,0.007926574000066466,0.012783399999989342,19.026932194998192,19.02693219499821
gamma,200,15,0.008139246000155254,0.012258597999789345,21.4225086934903,21.422508693490293
gamma,200,16,0.007970853999722749,0.01632109699994544,21.47564341477183,21.475643414771817
gamma,200,17,0.008175215999926877,0.01726335100011056,20.00026086415972,20.000260864159713
gamma,200,18,0.008077855000010459,0.016023844999836,19.732731242532914,19.732731242532903
gamma,200,19,0.008619557999736571,0.017107951000070898,19.58703391812568,19.587033918125666
gamma,200,20,0.008673686999827623,0.015270795000105863,22.31389483101023,22.313894831010224
gamma,200,21,0.008803735000128654,0.01704194900003131,19.277465349778637,19.27746534977864
gamma,200,22,0.008794865000254504,0.013439506999930018,18.82590714701839,18.82590714701839
gamma,200,23,0.008756799999900977,0.016170723999948677,21.98667735773151,21.986677357731516
gamma,200,24,0.008886149999852933,0.017067651000161277,20.635286379288836,20.635286379288836
gamma,200,25,0.009356683000078192,0.014395031000276504,21.70343929049764,21.70343929049764
gamma,200,26,0.007413086999804364,0.01411272600034863,20.56656201081091,20.5665620108109
gamma,200,27,0.008093987999927776,0.012628835999748844,21.57226993489982,21.572269934899815
gamma,200,28,0.007967083000039565,0.011476144999960525,19.45856689515938,19.458566895159375
gamma,200,29,0.007704192999881343,0.012051372999849264,21.25581939091593,21.255819390915942
